bloodmeal_id,locus_count,est_noc,match,human_id,log10_lr,notes,thresh_low
E01_RD14-0003-41_42_43-1-9-1-M2a-0.165IP-Q0.6_001.10sec.fsa,15,2,yes,RD14-0003-42,17.46,passed all filters,16.5
F05_RD14-0003-50d2a-0.5IP-Q0.8_002.10sec.fsa,15,1,yes,RD14-0003-50,22.71,passed all filters,22
A02_RD14-0003-32d3a-0.5IP-Q0.7_001.10sec.fsa,15,2,yes,RD14-0003-32,17.76,passed all filters,17
F05_RD14-0003-22d2a-0.5IP-Q1.0_002.10sec.fsa,15,1,yes,RD14-0003-22,20.8,passed all filters,20
H07_RD14-0003-49_50_29-1-4-1-M3a-0.378IP-Q0.5_004.10sec.fsa,15,3,yes,RD14-0003-29,2.96,passed all filters,2
H07_RD14-0003-49_50_29-1-4-1-M3a-0.378IP-Q0.5_004.10sec.fsa,15,3,yes,RD14-0003-49,9.84,passed all filters,2
H07_RD14-0003-49_50_29-1-4-1-M3a-0.378IP-Q0.5_004.10sec.fsa,15,3,yes,RD14-0003-50,22.19,passed all filters,2
H02_RD14-0003-40_41-1-4-M3a-0.155IP-Q0.6_004.10sec.fsa,15,2,yes,RD14-0003-41,17.18,passed all filters,16.5
D03_RD14-0003-44_45_46-1-2-2-M2a-0.315IP-Q0.6_004.10sec.fsa,15,3,yes,RD14-0003-44,4.3,passed all filters,3.5
D03_RD14-0003-44_45_46-1-2-2-M2a-0.315IP-Q0.6_004.10sec.fsa,15,3,yes,RD14-0003-45,10.95,passed all filters,3.5
D03_RD14-0003-44_45_46-1-2-2-M2a-0.315IP-Q0.6_004.10sec.fsa,15,3,yes,RD14-0003-46,10.59,passed all filters,3.5
H05_RD14-0003-26d3a-0.125IP-Q0.9_004.10sec.fsa,15,1,yes,RD14-0003-26,20.68,passed all filters,20
H05_RD14-0003-28d2a-0.125IP-Q1.0_004.10sec.fsa,15,1,yes,RD14-0003-28,18.34,passed all filters,17.5
H05_RD14-0003-14d3a-0.125IP-Q0.8_004.10sec.fsa,15,1,yes,RD14-0003-14,19.73,passed all filters,19
C01_RD14-0003-39d3a-0.25IP-Q0.8_003.10sec.fsa,15,1,yes,RD14-0003-39,18.72,passed all filters,18
B08_RD14-0003-36_37_38_39_40-1-9-9-9-1-M2a-0.435IP-Q0.7_002.10sec.fsa,15,2,yes,RD14-0003-39,7.24,passed all filters,6.5
D09_RD14-0003-35_36_37_38_39-1-4-4-4-1-M2a-0.5IP-Q0.6_004.10sec.fsa,15,3,yes,RD14-0003-36,11.43,passed all filters,3.5
D09_RD14-0003-35_36_37_38_39-1-4-4-4-1-M2a-0.5IP-Q0.6_004.10sec.fsa,15,3,yes,RD14-0003-37,5.2,passed all filters,3.5
D09_RD14-0003-35_36_37_38_39-1-4-4-4-1-M2a-0.5IP-Q0.6_004.10sec.fsa,15,3,yes,RD14-0003-38,4.01,passed all filters,3.5
B06_RD14-0003-46_47_48-1-1-1-M2a-0.375IP-Q0.4_002.10sec.fsa,15,3,yes,RD14-0003-46,9.46,passed all filters,7
B06_RD14-0003-46_47_48-1-1-1-M2a-0.375IP-Q0.4_002.10sec.fsa,15,3,yes,RD14-0003-47,8.11,passed all filters,7
B06_RD14-0003-46_47_48-1-1-1-M2a-0.375IP-Q0.4_002.10sec.fsa,15,3,yes,RD14-0003-48,7.61,passed all filters,7
F05_RD14-0003-28d2a-0.5IP-Q1.0_002.10sec.fsa,15,1,yes,RD14-0003-28,19.32,passed all filters,18.5
B01_RD14-0003-17d2a-0.5IP-Q0.8_002.10sec.fsa,15,2,yes,RD14-0003-17,18.23,passed all filters,1.5
B01_RD14-0003-17d2a-0.5IP-Q0.8_002.10sec.fsa,15,2,yes,RD14-0003-37,2.02,passed all filters,1.5
E04_RD14-0003-36_37_38_39-1-2-2-1-M3a-0.186IP-Q0.7_001.10sec.fsa,15,2,yes,RD14-0003-36,4.1,passed all filters,3
E04_RD14-0003-36_37_38_39-1-2-2-1-M3a-0.186IP-Q0.7_001.10sec.fsa,15,2,yes,RD14-0003-37,3.59,passed all filters,3
E03_RD14-0003-32_33_34_35-1-1-9-1-M2a-0.372IP-Q0.5_001.10sec.fsa,15,3,yes,RD14-0003-32,2.86,passed all filters,2
E03_RD14-0003-32_33_34_35-1-1-9-1-M2a-0.372IP-Q0.5_001.10sec.fsa,15,3,yes,RD14-0003-34,20.03,passed all filters,2
E03_RD14-0003-32_33_34_35-1-1-9-1-M2a-0.372IP-Q0.5_001.10sec.fsa,15,3,yes,RD14-0003-35,6.6,passed all filters,2
A02_RD14-0003-27d3a-0.3IP-Q0.9_001.10sec.fsa,15,1,yes,RD14-0003-27,17.68,passed all filters,17
A08_RD14-0003-33_34_35_36_37-1-1-4-1-1-M2a-0.248IP-Q0.6_001.10sec.fsa,15,3,yes,RD14-0003-34,2.71,passed all filters,2
A08_RD14-0003-33_34_35_36_37-1-1-4-1-1-M2a-0.248IP-Q0.6_001.10sec.fsa,15,3,yes,RD14-0003-35,16.37,passed all filters,2
E06_RD14-0003-46d3a-0.6IP-Q0.9_001.10sec.fsa,15,2,yes,RD14-0003-46,20.43,passed all filters,19.5
D04_RD14-0003-42_43-1-9-M2a-0.63IP-Q0.5_004.10sec.fsa,15,2,yes,RD14-0003-42,11.11,passed all filters,10.5
D04_RD14-0003-42_43-1-9-M2a-0.63IP-Q0.5_004.10sec.fsa,15,2,yes,RD14-0003-43,19.87,passed all filters,10.5
H05_RD14-0003-24d2a-0.125IP-Q0.8_004.10sec.fsa,15,1,yes,RD14-0003-24,19.47,passed all filters,18.5
G05_RD14-0003-42d3a-0.125IP-Q0.9_003.10sec.fsa,13,1,yes,RD14-0003-42,11.68,passed all filters,11
G05_RD14-0003-28d2a-0.25IP-Q1.0_003.10sec.fsa,15,1,yes,RD14-0003-28,19.28,passed all filters,18.5
B08_RD14-0003-33_34_35_36_37-1-1-4-1-1-M3a-0.12IP-Q0.7_002.10sec.fsa,10,2,yes,RD14-0003-35,6.89,passed all filters,6
G09_RD14-0003-35_36_37_38_39-1-4-4-4-1-M2a-0.21IP-Q0.6_003.10sec.fsa,15,2,yes,RD14-0003-36,4.63,passed all filters,2
G09_RD14-0003-35_36_37_38_39-1-4-4-4-1-M2a-0.21IP-Q0.6_003.10sec.fsa,15,2,yes,RD14-0003-39,2.61,passed all filters,2
F05_RD14-0003-44d2a-0.5IP-Q0.8_002.10sec.fsa,15,1,yes,RD14-0003-44,18.36,passed all filters,17.5
C01_RD14-0003-45d2a-0.25IP-Q0.9_003.10sec.fsa,15,1,yes,RD14-0003-45,17.12,passed all filters,16.5
H05_RD14-0003-48d3a-0.125IP-Q0.8_004.10sec.fsa,15,1,yes,RD14-0003-48,19.25,passed all filters,18.5
H05_RD14-0003-40d3a-0.125IP-Q1.1_004.10sec.fsa,15,1,yes,RD14-0003-40,18.23,passed all filters,17.5
B01_RD14-0003-19d2a-0.5IP-Q0.8_002.10sec.fsa,15,2,yes,RD14-0003-19,20.15,passed all filters,19.5
B01_RD14-0003-29d2a-0.5IP-Q0.9_002.10sec.fsa,15,1,yes,RD14-0003-29,19.93,passed all filters,19
D05_RD14-0003-38d3a-0.125IP-Q0.9_004.10sec.fsa,15,1,yes,RD14-0003-38,15.65,passed all filters,15
G05_RD14-0003-34d2a-0.25IP-Q0.7_003.10sec.fsa,15,1,yes,RD14-0003-34,20.03,passed all filters,19.5
H02_RD14-0003-44_45_46_47-1-1-4-1-M3a-0.217IP-Q0.8_004.10sec.fsa,15,2,yes,RD14-0003-46,11.91,passed all filters,11
B01_RD14-0003-50_29_30_31-1-1-2-1-M2a-0.625IP-Q0.5_002.10sec.fsa,15,3,yes,RD14-0003-29,5.56,passed all filters,5
B01_RD14-0003-50_29_30_31-1-1-2-1-M2a-0.625IP-Q0.5_002.10sec.fsa,15,3,yes,RD14-0003-30,11.04,passed all filters,5
B01_RD14-0003-50_29_30_31-1-1-2-1-M2a-0.625IP-Q0.5_002.10sec.fsa,15,3,yes,RD14-0003-50,7.8,passed all filters,5
D01_RD14-0003-17d2a-0.125IP-Q0.8_004.10sec.fsa,15,1,yes,RD14-0003-17,18.21,passed all filters,17.5
F05_RD14-0003-47_48_49-1-9-9-M2a-0.5IP-Q0.7_002.10sec.fsa,15,2,yes,RD14-0003-48,11.39,passed all filters,10
F05_RD14-0003-47_48_49-1-9-9-M2a-0.5IP-Q0.7_002.10sec.fsa,15,2,yes,RD14-0003-49,10.89,passed all filters,10
G05_RD14-0003-35_50-1-9-M2a-0.63IP-Q0.7_003.10sec.fsa,15,2,yes,RD14-0003-35,4.01,passed all filters,3.5
G05_RD14-0003-35_50-1-9-M2a-0.63IP-Q0.7_003.10sec.fsa,15,2,yes,RD14-0003-50,22.71,passed all filters,3.5
F03_RD14-0003-48_49_50_29_30-1-1-2-4-1-M3a-0.135IP-Q0.8_002.10sec.fsa,11,1,yes,RD14-0003-29,3.74,passed all filters,3
D03_RD14-0003-48_49_50_29_30-1-1-2-4-1-M3a-0.567IP-Q0.8_004.10sec.fsa,15,3,yes,RD14-0003-29,15.41,passed all filters,3.5
D03_RD14-0003-48_49_50_29_30-1-1-2-4-1-M3a-0.567IP-Q0.8_004.10sec.fsa,15,3,yes,RD14-0003-49,4.44,passed all filters,3.5
D03_RD14-0003-48_49_50_29_30-1-1-2-4-1-M3a-0.567IP-Q0.8_004.10sec.fsa,15,3,yes,RD14-0003-50,9.35,passed all filters,3.5
C01_RD14-0003-01d2a-0.25IP-Q0.7_003.10sec.fsa,15,1,yes,RD14-0003-1,17.99,passed all filters,17
B01_RD14-0003-33d2a-0.5IP-Q0.5_002.10sec.fsa,15,2,yes,RD14-0003-33,19.12,passed all filters,18.5
D01_RD14-0003-32d3a-0.125IP-Q0.7_004.10sec.fsa,15,1,yes,RD14-0003-32,17.76,passed all filters,17
H05_RD14-0003-10d2a-0.125IP-Q1.0_004.10sec.fsa,15,1,yes,RD14-0003-10,17.8,passed all filters,17
D01_RD14-0003-41d3a-0.125IP-Q1.0_004.10sec.fsa,15,1,no,NA,NA,all log10LRs NA or Inf,NA
A02_RD14-0003-47d3a-0.54IP-Q0.7_001.10sec.fsa,15,1,yes,RD14-0003-47,18.2,passed all filters,17.5
B10_RD14-0003-48_49_50_29-1-4-4-4-M2a-0.403IP-Q0.4_002.10sec.fsa,15,3,yes,RD14-0003-29,7.78,passed all filters,6
B10_RD14-0003-48_49_50_29-1-4-4-4-M2a-0.403IP-Q0.4_002.10sec.fsa,15,3,yes,RD14-0003-49,6.66,passed all filters,6
B10_RD14-0003-48_49_50_29-1-4-4-4-M2a-0.403IP-Q0.4_002.10sec.fsa,15,3,yes,RD14-0003-50,10.28,passed all filters,6
A06_RD14-0003-31_32_33_34_35-1-1-2-9-1-M3a-0.21IP-Q0.9_001.10sec.fsa,15,2,yes,RD14-0003-34,17.56,passed all filters,17
H05_RD14-0003-08d3a-0.125IP-Q1.2_004.10sec.fsa,14,1,yes,RD14-0003-8,12.86,passed all filters,12
C01_RD14-0003-31_32-1-1-M2a-0.126IP-Q1.2_003.10sec.fsa,15,2,yes,RD14-0003-31,7.17,passed all filters,6.5
C01_RD14-0003-03d2a-0.25IP-Q0.7_003.10sec.fsa,15,1,yes,RD14-0003-3,19.95,passed all filters,19
D01_RD14-0003-47d3a-0.125IP-Q0.7_004.10sec.fsa,15,1,yes,RD14-0003-47,18.2,passed all filters,17.5
G02_RD14-0003-40_41-1-4-M3a-0.315IP-Q0.6_003.10sec.fsa,15,2,yes,RD14-0003-40,8.72,passed all filters,8
G02_RD14-0003-40_41-1-4-M3a-0.315IP-Q0.6_003.10sec.fsa,15,2,yes,RD14-0003-41,19.39,passed all filters,8
G05_RD14-0003-48d2a-0.25IP-Q0.8_003.10sec.fsa,15,1,yes,RD14-0003-48,19.34,passed all filters,18.5
G05_RD14-0003-31d2a-0.5IP-Q1.1_003.10sec.fsa,15,1,yes,RD14-0003-31,20.38,passed all filters,19.5
B01_RD14-0003-43d2a-0.5IP-Q0.9_002.10sec.fsa,15,1,yes,RD14-0003-43,19.87,passed all filters,19
B01_RD14-0003-09d1a-0.5IP-Q0.9_002.10sec.fsa,15,2,yes,RD14-0003-9,19.4,passed all filters,18.5
F05_RD14-0003-33_34_35_36-1-4-4-1-M2a-0.31IP-Q0.5_002.10sec.fsa,15,3,yes,RD14-0003-33,3.5,passed all filters,3
F05_RD14-0003-33_34_35_36-1-4-4-1-M2a-0.31IP-Q0.5_002.10sec.fsa,15,3,yes,RD14-0003-34,12.75,passed all filters,3
F05_RD14-0003-33_34_35_36-1-4-4-1-M2a-0.31IP-Q0.5_002.10sec.fsa,15,3,yes,RD14-0003-35,14,passed all filters,3
G05_RD14-0003-31_32_33_34_35-1-1-2-9-1-M2a-0.5IP-Q0.9_003.10sec.fsa,15,2,yes,RD14-0003-33,3.93,passed all filters,3
G05_RD14-0003-31_32_33_34_35-1-1-2-9-1-M2a-0.5IP-Q0.9_003.10sec.fsa,15,2,yes,RD14-0003-34,18.91,passed all filters,3
F06_RD14-0003-04d2a-0.5IP-Q1.1_002.10sec.fsa,15,1,yes,RD14-0003-4,18.59,passed all filters,18
C01_RD14-0003-23d2a-0.25IP-Q1.0_003.10sec.fsa,15,1,yes,RD14-0003-23,21.62,passed all filters,21
G05_RD14-0003-08d3a-0.25IP-Q1.2_003.10sec.fsa,15,1,yes,RD14-0003-8,16.52,passed all filters,16
C09_RD14-0003-30_31_32-1-4-4-M2a-0.75IP-Q0.6_003.10sec.fsa,15,3,yes,RD14-0003-30,6.66,passed all filters,6
C09_RD14-0003-30_31_32-1-4-4-M2a-0.75IP-Q0.6_003.10sec.fsa,15,3,yes,RD14-0003-31,13.19,passed all filters,6
C09_RD14-0003-30_31_32-1-4-4-M2a-0.75IP-Q0.6_003.10sec.fsa,15,3,yes,RD14-0003-32,10.33,passed all filters,6
G05_RD14-0003-47_48_49-1-9-9-M2a-0.285IP-Q0.7_003.10sec.fsa,15,2,yes,RD14-0003-48,9.49,passed all filters,8.5
G05_RD14-0003-47_48_49-1-9-9-M2a-0.285IP-Q0.7_003.10sec.fsa,15,2,yes,RD14-0003-49,9.91,passed all filters,8.5
A02_RD14-0003-17d3a-0.3IP-Q0.9_001.10sec.fsa,15,1,yes,RD14-0003-17,18.23,passed all filters,17.5
D01_RD14-0003-50_29_30_31-1-1-2-1-M2a-0.155IP-Q0.5_004.10sec.fsa,15,3,yes,RD14-0003-30,7.68,passed all filters,1.5
D01_RD14-0003-50_29_30_31-1-1-2-1-M2a-0.155IP-Q0.5_004.10sec.fsa,15,3,yes,RD14-0003-31,2.12,passed all filters,1.5
D01_RD14-0003-50_29_30_31-1-1-2-1-M2a-0.155IP-Q0.5_004.10sec.fsa,15,3,yes,RD14-0003-50,3.86,passed all filters,1.5
E06_RD14-0003-26d3a-0.3IP-Q0.9_001.10sec.fsa,15,1,yes,RD14-0003-26,21.25,passed all filters,20.5
D01_RD14-0003-23d3a-0.125IP-Q1.2_004.10sec.fsa,15,1,yes,RD14-0003-23,21.36,passed all filters,20.5
H05_RD14-0003-30d3a-0.125IP-Q1.2_004.10sec.fsa,15,1,yes,RD14-0003-30,15.93,passed all filters,15
G07_RD14-0003-39_40-1-2-M2a-0.375IP-Q0.7_003.10sec.fsa,15,2,yes,RD14-0003-39,8.18,passed all filters,7.5
G07_RD14-0003-39_40-1-2-M2a-0.375IP-Q0.7_003.10sec.fsa,15,2,yes,RD14-0003-40,18.13,passed all filters,7.5
H06_RD14-0003-04d3a-0.125IP-Q1.0_004.10sec.fsa,15,1,yes,RD14-0003-4,18.59,passed all filters,18
C09_RD14-0003-35_36_37_38_39-1-4-4-4-1-M2a-0.75IP-Q0.6_003.10sec.fsa,15,3,yes,RD14-0003-36,10.91,passed all filters,3.5
C09_RD14-0003-35_36_37_38_39-1-4-4-4-1-M2a-0.75IP-Q0.6_003.10sec.fsa,15,3,yes,RD14-0003-37,4.84,passed all filters,3.5
C09_RD14-0003-35_36_37_38_39-1-4-4-4-1-M2a-0.75IP-Q0.6_003.10sec.fsa,15,3,yes,RD14-0003-38,4.36,passed all filters,3.5
A02_RD14-0003-01d3a-0.1IP-Q0.7_001.10sec.fsa,15,1,yes,RD14-0003-1,17.99,passed all filters,17
G05_RD14-0003-20d2a-0.25IP-Q1.1_003.10sec.fsa,15,1,yes,RD14-0003-20,22.26,passed all filters,21.5
D09_RD14-0003-30_31_32-1-4-4-M2a-0.567IP-Q0.6_004.10sec.fsa,15,3,yes,RD14-0003-30,5.54,passed all filters,5
D09_RD14-0003-30_31_32-1-4-4-M2a-0.567IP-Q0.6_004.10sec.fsa,15,3,yes,RD14-0003-31,12.86,passed all filters,5
D09_RD14-0003-30_31_32-1-4-4-M2a-0.567IP-Q0.6_004.10sec.fsa,15,3,yes,RD14-0003-32,10.08,passed all filters,5
G05_RD14-0003-22d2a-0.25IP-Q1.0_003.10sec.fsa,15,1,yes,RD14-0003-22,20.8,passed all filters,20
C01_RD14-0003-19d2a-0.25IP-Q0.8_003.10sec.fsa,15,1,yes,RD14-0003-19,20.15,passed all filters,19.5
E05_RD14-0003-36d2a-0.25IP-Q1.0_001.10sec.fsa,15,1,yes,RD14-0003-36,20.5,passed all filters,20
F05_RD14-0003-08d2a-0.5IP-Q1.1_002.10sec.fsa,15,1,yes,RD14-0003-8,16.52,passed all filters,16
D03_RD14-0003-32_33_34_35-1-1-9-1-M2a-0.5IP-Q0.5_004.10sec.fsa,15,3,yes,RD14-0003-34,20.03,passed all filters,9.5
D03_RD14-0003-32_33_34_35-1-1-9-1-M2a-0.5IP-Q0.5_004.10sec.fsa,15,3,yes,RD14-0003-35,10.01,passed all filters,9.5
D04_RD14-0003-36_37_38_39-1-2-2-1-M2a-0.378IP-Q0.7_004.10sec.fsa,15,3,yes,RD14-0003-36,4.11,passed all filters,3.5
D04_RD14-0003-36_37_38_39-1-2-2-1-M2a-0.378IP-Q0.7_004.10sec.fsa,15,3,yes,RD14-0003-37,8.93,passed all filters,3.5
D04_RD14-0003-36_37_38_39-1-2-2-1-M2a-0.378IP-Q0.7_004.10sec.fsa,15,3,yes,RD14-0003-38,6.12,passed all filters,3.5
H05_RD14-0003-35_50-1-9-M2a-0.31IP-Q0.7_004.10sec.fsa,15,2,yes,RD14-0003-50,22.71,passed all filters,22
E03_RD14-0003-44_45_46-1-2-2-M3a-0.155IP-Q0.6_001.10sec.fsa,15,2,yes,RD14-0003-45,10.46,passed all filters,9.5
E03_RD14-0003-44_45_46-1-2-2-M3a-0.155IP-Q0.6_001.10sec.fsa,15,2,yes,RD14-0003-46,10.19,passed all filters,9.5
C06_RD14-0003-30_31_32_33_34-1-1-1-1-1-M2a-0.315IP-Q0.7_003.10sec.fsa,15,3,yes,RD14-0003-31,3.93,passed all filters,2
C06_RD14-0003-30_31_32_33_34-1-1-1-1-1-M2a-0.315IP-Q0.7_003.10sec.fsa,15,3,yes,RD14-0003-33,2.65,passed all filters,2
C06_RD14-0003-30_31_32_33_34-1-1-1-1-1-M2a-0.315IP-Q0.7_003.10sec.fsa,15,3,yes,RD14-0003-34,7.61,passed all filters,2
A07_RD14-0003-02d2a-0.125IP-Q0.8_001.10sec.fsa,15,1,yes,RD14-0003-2,20.89,passed all filters,20
E03_RD14-0003-48_49_50_29_30-1-1-2-4-1-M3a-0.279IP-Q0.8_001.10sec.fsa,15,3,yes,RD14-0003-29,13.42,passed all filters,1.5
E03_RD14-0003-48_49_50_29_30-1-1-2-4-1-M3a-0.279IP-Q0.8_001.10sec.fsa,15,3,yes,RD14-0003-49,2.31,passed all filters,1.5
E03_RD14-0003-48_49_50_29_30-1-1-2-4-1-M3a-0.279IP-Q0.8_001.10sec.fsa,15,3,yes,RD14-0003-50,4.37,passed all filters,1.5
D01_RD14-0003-33d2a-0.125IP-Q0.5_004.10sec.fsa,15,1,yes,RD14-0003-33,19.12,passed all filters,18.5
A02_RD14-0003-21d3a-0.2IP-Q0.8_001.10sec.fsa,15,1,yes,RD14-0003-21,21.9,passed all filters,21
C06_RD14-0003-36d3a-0.5IP-Q1.2_003.10sec.fsa,15,1,yes,RD14-0003-36,20.5,passed all filters,20
F05_RD14-0003-12d2a-0.5IP-Q0.8_002.10sec.fsa,15,2,yes,RD14-0003-12,20.43,passed all filters,19.5
C01_RD14-0003-21d2a-0.25IP-Q0.8_003.10sec.fsa,15,1,yes,RD14-0003-21,21.92,passed all filters,21
C06_RD14-0003-46_47_48-1-1-1-M3a-0.189IP-Q0.5_003.10sec.fsa,15,2,yes,RD14-0003-46,4.64,passed all filters,4
C06_RD14-0003-46_47_48-1-1-1-M3a-0.189IP-Q0.5_003.10sec.fsa,15,2,yes,RD14-0003-47,8.64,passed all filters,4
D01_RD14-0003-11d2a-0.125IP-Q0.7_004.10sec.fsa,15,1,yes,RD14-0003-11,19.07,passed all filters,18.5
A03_RD14-0003-44_45_46_47-1-1-4-1-M3a-0.105IP-Q0.8_001.10sec.fsa,12,2,yes,RD14-0003-46,6,passed all filters,1
A03_RD14-0003-44_45_46_47-1-1-4-1-M3a-0.105IP-Q0.8_001.10sec.fsa,12,2,yes,RD14-0003-47,1.59,passed all filters,1
D01_RD14-0003-40_41_42_43-1-1-1-1-M3a-0.124IP-Q0.9_004.10sec.fsa,15,2,yes,RD14-0003-42,4.23,passed all filters,3.5
D01_RD14-0003-40_41_42_43-1-1-1-1-M3a-0.124IP-Q0.9_004.10sec.fsa,15,2,yes,RD14-0003-43,4.45,passed all filters,3.5
F05_RD14-0003-24d2a-0.5IP-Q0.8_002.10sec.fsa,15,1,yes,RD14-0003-24,19.49,passed all filters,18.5
C03_RD14-0003-48_49_50_29_30-1-1-2-4-1-M2a-0.75IP-Q0.8_003.10sec.fsa,15,3,yes,RD14-0003-29,13.11,passed all filters,1.5
C03_RD14-0003-48_49_50_29_30-1-1-2-4-1-M2a-0.75IP-Q0.8_003.10sec.fsa,15,3,yes,RD14-0003-49,2.39,passed all filters,1.5
C03_RD14-0003-48_49_50_29_30-1-1-2-4-1-M2a-0.75IP-Q0.8_003.10sec.fsa,15,3,yes,RD14-0003-50,10.24,passed all filters,1.5
B05_RD14-0003-38d2a-0.25IP-Q1.0_002.10sec.fsa,15,1,yes,RD14-0003-38,17.32,passed all filters,16.5
D01_RD14-0003-21d2a-0.125IP-Q0.8_004.10sec.fsa,15,1,yes,RD14-0003-21,21.91,passed all filters,21
A02_RD14-0003-39d3a-0.63IP-Q0.8_001.10sec.fsa,15,2,yes,RD14-0003-39,18.72,passed all filters,18
G09_RD14-0003-30_31_32-1-4-4-M3a-0.135IP-Q0.5_003.10sec.fsa,14,2,yes,RD14-0003-31,6.07,passed all filters,5.5
C04_RD14-0003-42_43-1-9-M2a-0.75IP-Q0.5_003.10sec.fsa,15,2,yes,RD14-0003-42,9.09,passed all filters,8.5
C04_RD14-0003-42_43-1-9-M2a-0.75IP-Q0.5_003.10sec.fsa,15,2,yes,RD14-0003-43,19.87,passed all filters,8.5
F05_RD14-0003-46d2a-0.5IP-Q0.8_002.10sec.fsa,15,1,yes,RD14-0003-46,20.43,passed all filters,19.5
H06_RD14-0003-06d2a-0.125IP-Q0.8_004.10sec.fsa,15,1,yes,RD14-0003-6,15.76,passed all filters,15
C01_RD14-0003-36_37_38-1-2-1-M2a-0.252IP-Q0.6_003.10sec.fsa,15,2,yes,RD14-0003-36,7.68,passed all filters,6.5
C01_RD14-0003-36_37_38-1-2-1-M2a-0.252IP-Q0.6_003.10sec.fsa,15,2,yes,RD14-0003-37,7.14,passed all filters,6.5
A08_RD14-0003-49_50_29-1-4-1-M3a-0.186IP-Q0.5_001.10sec.fsa,15,2,yes,RD14-0003-49,2.96,passed all filters,2
A08_RD14-0003-49_50_29-1-4-1-M3a-0.186IP-Q0.5_001.10sec.fsa,15,2,yes,RD14-0003-50,20.69,passed all filters,2
A08_RD14-0003-37_38_39_40-1-9-9-1-M2a-0.5IP-Q0.4_001.10sec.fsa,15,2,yes,RD14-0003-38,8.07,passed all filters,7.5
A08_RD14-0003-37_38_39_40-1-9-9-1-M2a-0.5IP-Q0.4_001.10sec.fsa,15,2,yes,RD14-0003-39,13.09,passed all filters,7.5
H07_RD14-0003-33_34_35_36_37-1-1-4-1-1-M2a-0.504IP-Q0.6_004.10sec.fsa,15,4,yes,RD14-0003-33,4.13,passed all filters,2
H07_RD14-0003-33_34_35_36_37-1-1-4-1-1-M2a-0.504IP-Q0.6_004.10sec.fsa,15,4,yes,RD14-0003-34,2.73,passed all filters,2
H07_RD14-0003-33_34_35_36_37-1-1-4-1-1-M2a-0.504IP-Q0.6_004.10sec.fsa,15,4,yes,RD14-0003-35,19.37,passed all filters,2
A02_RD14-0003-15d3a-0.3IP-Q08._001.10sec.fsa,15,2,yes,RD14-0003-15,19.41,passed all filters,18.5
A02_RD14-0003-03d3a-0.1IP-Q0.9_001.10sec.fsa,15,1,yes,RD14-0003-3,18.41,passed all filters,17.5
H05_RD14-0003-31d2a-0.25IP-Q1.1_004.10sec.fsa,15,1,yes,RD14-0003-31,20.38,passed all filters,19.5
B01_RD14-0003-47d2a-0.5IP-Q0.6_002.10sec.fsa,15,1,yes,RD14-0003-47,18.2,passed all filters,17.5
G05_RD14-0003-33_34_35_36-1-4-4-1-M2a-0.15IP-Q0.5_003.10sec.fsa,15,2,yes,RD14-0003-34,11.34,passed all filters,9.5
G05_RD14-0003-33_34_35_36-1-4-4-1-M2a-0.15IP-Q0.5_003.10sec.fsa,15,2,yes,RD14-0003-35,10.09,passed all filters,9.5
E05_RD14-0003-47_48_49-1-9-9-M2a-0.589IP-Q0.7_001.10sec.fsa,15,3,yes,RD14-0003-47,4.51,passed all filters,4
E05_RD14-0003-47_48_49-1-9-9-M2a-0.589IP-Q0.7_001.10sec.fsa,15,3,yes,RD14-0003-48,11.59,passed all filters,4
E05_RD14-0003-47_48_49-1-9-9-M2a-0.589IP-Q0.7_001.10sec.fsa,15,3,yes,RD14-0003-49,11.58,passed all filters,4
F02_RD14-0003-40_41-1-4-M3a-0.625IP-Q0.6_002.10sec.fsa,15,2,yes,RD14-0003-40,18.01,passed all filters,17.5
F02_RD14-0003-40_41-1-4-M3a-0.625IP-Q0.6_002.10sec.fsa,15,2,yes,RD14-0003-41,19.47,passed all filters,17.5
B01_RD14-0003-44_45-1-1-M3a-0.25IP-Q0.5_002.10sec.fsa,15,2,yes,RD14-0003-44,11.06,passed all filters,9.5
B01_RD14-0003-44_45-1-1-M3a-0.25IP-Q0.5_002.10sec.fsa,15,2,yes,RD14-0003-45,10.13,passed all filters,9.5
D01_RD14-0003-13d3a-0.125IP-Q1.0_004.10sec.fsa,15,1,yes,RD14-0003-13,20.09,passed all filters,19.5
B01_RD14-0003-39d2a-0.5IP-Q0.9_002.10sec.fsa,15,1,yes,RD14-0003-39,18.72,passed all filters,18
F05_RD14-0003-48d2a-0.5IP-Q0.8_002.10sec.fsa,15,1,yes,RD14-0003-48,19.35,passed all filters,18.5
E05_RD14-0003-33_34_35_36-1-4-4-1-M2a-0.63IP-Q0.5_001.10sec.fsa,15,3,yes,RD14-0003-33,3.26,passed all filters,2.5
E05_RD14-0003-33_34_35_36-1-4-4-1-M2a-0.63IP-Q0.5_001.10sec.fsa,15,3,yes,RD14-0003-34,12.46,passed all filters,2.5
E05_RD14-0003-33_34_35_36-1-4-4-1-M2a-0.63IP-Q0.5_001.10sec.fsa,15,3,yes,RD14-0003-35,13.53,passed all filters,2.5
D03_RD14-0003-48_49-1-4-M3a-0.315IP-Q0.6_004.10sec.fsa,15,2,yes,RD14-0003-48,10.09,passed all filters,9.5
D03_RD14-0003-48_49-1-4-M3a-0.315IP-Q0.6_004.10sec.fsa,15,2,yes,RD14-0003-49,19.03,passed all filters,9.5
F02_RD14-0003-44_45_46_47-1-1-4-1-M2a-0.75IP-Q0.7_002.10sec.fsa,15,4,yes,RD14-0003-44,5.65,passed all filters,1
F02_RD14-0003-44_45_46_47-1-1-4-1-M2a-0.75IP-Q0.7_002.10sec.fsa,15,4,yes,RD14-0003-45,3.95,passed all filters,1
F02_RD14-0003-44_45_46_47-1-1-4-1-M2a-0.75IP-Q0.7_002.10sec.fsa,15,4,yes,RD14-0003-46,18.82,passed all filters,1
F02_RD14-0003-44_45_46_47-1-1-4-1-M2a-0.75IP-Q0.7_002.10sec.fsa,15,4,yes,RD14-0003-47,1.81,passed all filters,1
F09_RD14-0003-35_36_37_38_39-1-4-4-4-1-M2a-0.434IP-Q0.6_002.10sec.fsa,15,3,yes,RD14-0003-36,11.95,passed all filters,2.5
F09_RD14-0003-35_36_37_38_39-1-4-4-4-1-M2a-0.434IP-Q0.6_002.10sec.fsa,15,3,yes,RD14-0003-37,3.45,passed all filters,2.5
F09_RD14-0003-35_36_37_38_39-1-4-4-4-1-M2a-0.434IP-Q0.6_002.10sec.fsa,15,3,yes,RD14-0003-38,3.38,passed all filters,2.5
B01_RD14-0003-07d2a-0.5IP-Q0.9_002.10sec.fsa,15,2,yes,RD14-0003-7,20.03,passed all filters,1
B01_RD14-0003-07d2a-0.5IP-Q0.9_002.10sec.fsa,15,2,yes,RD14-0003-16,1.72,passed all filters,1
H06_RD14-0003-02d2a-0.25IP-Q0.8_004.10sec.fsa,15,1,yes,RD14-0003-2,20.9,passed all filters,20
D01_RD14-0003-41_42_43-1-9-1-M2a-0.341IP-Q0.6_004.10sec.fsa,15,2,yes,RD14-0003-42,17.46,passed all filters,16.5
G07_RD14-0003-36_37_38_39_40-1-9-9-9-1-M2a-0.75IP-Q0.7_003.10sec.fsa,15,3,yes,RD14-0003-37,5.45,passed all filters,4.5
G07_RD14-0003-36_37_38_39_40-1-9-9-9-1-M2a-0.75IP-Q0.7_003.10sec.fsa,15,3,yes,RD14-0003-38,7.04,passed all filters,4.5
G07_RD14-0003-36_37_38_39_40-1-9-9-9-1-M2a-0.75IP-Q0.7_003.10sec.fsa,15,3,yes,RD14-0003-39,8.28,passed all filters,4.5
D05_RD14-0003-33_34_35_36-1-4-4-1-M2a-0.75IP-Q0.5_004.10sec.fsa,15,4,yes,RD14-0003-33,1.85,passed all filters,1
D05_RD14-0003-33_34_35_36-1-4-4-1-M2a-0.75IP-Q0.5_004.10sec.fsa,15,4,yes,RD14-0003-34,12.06,passed all filters,1
D05_RD14-0003-33_34_35_36-1-4-4-1-M2a-0.75IP-Q0.5_004.10sec.fsa,15,4,yes,RD14-0003-35,13.32,passed all filters,1
G06_RD14-0003-02d2a-0.5IP-Q0.8_003.10sec.fsa,15,2,yes,RD14-0003-2,20.9,passed all filters,20
A02_RD14-0003-43d3a-0.5IP-Q0.9_001.10sec.fsa,15,1,yes,RD14-0003-43,19.87,passed all filters,19
F07_RD14-0003-16d3a-0.2IP-Q0.8_002.10sec.fsa,15,1,yes,RD14-0003-16,18.96,passed all filters,18
C01_RD14-0003-50_29_30_31-1-1-2-1-M2a-0.315IP-Q0.5_003.10sec.fsa,15,3,yes,RD14-0003-29,4.84,passed all filters,1
C01_RD14-0003-50_29_30_31-1-1-2-1-M2a-0.315IP-Q0.5_003.10sec.fsa,15,3,yes,RD14-0003-30,9.96,passed all filters,1
C01_RD14-0003-50_29_30_31-1-1-2-1-M2a-0.315IP-Q0.5_003.10sec.fsa,15,3,yes,RD14-0003-31,1.52,passed all filters,1
G07_RD14-0003-33_34_35_36_37-1-1-4-1-1-M2a-0.75IP-Q1.9_003.10sec.fsa,15,4,yes,RD14-0003-34,4.15,passed all filters,3.5
G07_RD14-0003-33_34_35_36_37-1-1-4-1-1-M2a-0.75IP-Q1.9_003.10sec.fsa,15,4,yes,RD14-0003-35,17.68,passed all filters,3.5
G07_RD14-0003-33_34_35_36_37-1-1-4-1-1-M2a-0.75IP-Q1.9_003.10sec.fsa,15,4,yes,RD14-0003-36,4.22,passed all filters,3.5
B01_RD14-0003-40_41_42_43-1-1-1-1-M3a-0.5IP-Q0.9_002.10sec.fsa,15,3,yes,RD14-0003-41,6.44,passed all filters,4.5
B01_RD14-0003-40_41_42_43-1-1-1-1-M3a-0.5IP-Q0.9_002.10sec.fsa,15,3,yes,RD14-0003-42,5.04,passed all filters,4.5
B01_RD14-0003-40_41_42_43-1-1-1-1-M3a-0.5IP-Q0.9_002.10sec.fsa,15,3,yes,RD14-0003-43,9.07,passed all filters,4.5
C03_RD14-0003-44_45_46-1-2-2-M2a-0.625IP-Q0.6_003.10sec.fsa,15,3,yes,RD14-0003-44,7.47,passed all filters,6.5
C03_RD14-0003-44_45_46-1-2-2-M2a-0.625IP-Q0.6_003.10sec.fsa,15,3,yes,RD14-0003-45,12.67,passed all filters,6.5
C03_RD14-0003-44_45_46-1-2-2-M2a-0.625IP-Q0.6_003.10sec.fsa,15,3,yes,RD14-0003-46,10.38,passed all filters,6.5
H07_RD14-0003-39_40-1-2-M3a-0.189IP-Q0.8_004.10sec.fsa,15,2,yes,RD14-0003-40,13.48,passed all filters,12.5
C01_RD14-0003-15d2a-0.25IP-Q0.9_003.10sec.fsa,15,1,yes,RD14-0003-15,19.41,passed all filters,18.5
C01_RD14-0003-11d2a-0.25IP-Q0.7_003.10sec.fsa,15,1,yes,RD14-0003-11,19.07,passed all filters,18.5
A02_RD14-0003-11d3a-0.1IP-Q0.7_001.10sec.fsa,14,1,yes,RD14-0003-11,15.51,passed all filters,15
B01_RD14-0003-25d2a-0.5IP-Q1.0_002.10sec.fsa,15,1,yes,RD14-0003-25,21.14,passed all filters,20.5
E06_RD14-0003-48d4a-0.26IP-Q0.7_001.10sec.fsa,15,1,yes,RD14-0003-48,19.35,passed all filters,18.5
F05_RD14-0003-26d2a-0.5IP-Q0.8_002.10sec.fsa,15,2,yes,RD14-0003-26,21.25,passed all filters,20.5
A02_RD14-0003-13d3a-0.18IP-Q1.0_001.10sec.fsa,15,1,yes,RD14-0003-13,20.09,passed all filters,19.5
D01_RD14-0003-05d3a-0.125IP-Q0.7_004.10sec.fsa,15,1,yes,RD14-0003-5,18.49,passed all filters,17.5
D01_RD14-0003-01d2a-0.125IP-Q0.7_004.10sec.fsa,15,1,yes,RD14-0003-1,17.74,passed all filters,17
C03_RD14-0003-32_33_34_35-1-1-9-1-M2a-0.75IP-Q0.5_003.10sec.fsa,15,4,yes,RD14-0003-32,3.56,passed all filters,3
C03_RD14-0003-32_33_34_35-1-1-9-1-M2a-0.75IP-Q0.5_003.10sec.fsa,15,4,yes,RD14-0003-34,19.85,passed all filters,3
C03_RD14-0003-32_33_34_35-1-1-9-1-M2a-0.75IP-Q0.5_003.10sec.fsa,15,4,yes,RD14-0003-35,7.92,passed all filters,3
G05_RD14-0003-18d2a-0.25IP-Q0.9_003.10sec.fsa,15,1,yes,RD14-0003-18,18.06,passed all filters,17.5
B01_RD14-0003-36_37_38-1-2-1-M2a-0.5IP-Q0.6_002.10sec.fsa,15,2,yes,RD14-0003-36,8.39,passed all filters,7.5
B01_RD14-0003-36_37_38-1-2-1-M2a-0.5IP-Q0.6_002.10sec.fsa,15,2,yes,RD14-0003-37,9.83,passed all filters,7.5
H05_RD14-0003-50d3a-0.125IP-Q0.9_004.10sec.fsa,15,1,yes,RD14-0003-50,20.56,passed all filters,20
E04_RD14-0003-42_43-1-9-M2a-0.31IP-Q0.5_001.10sec.fsa,15,2,yes,RD14-0003-42,5.4,passed all filters,4.5
E04_RD14-0003-42_43-1-9-M2a-0.31IP-Q0.5_001.10sec.fsa,15,2,yes,RD14-0003-43,19.87,passed all filters,4.5
H05_RD14-0003-12d3a-0.125IP-Q0.8_004.10sec.fsa,15,1,yes,RD14-0003-12,20.43,passed all filters,19.5
F05_RD14-0003-35_50-1-9-M2a-0.75IP-Q0.7_002.10sec.fsa,15,2,yes,RD14-0003-35,6.94,passed all filters,6
F05_RD14-0003-35_50-1-9-M2a-0.75IP-Q0.7_002.10sec.fsa,15,2,yes,RD14-0003-50,22.71,passed all filters,6
G05_RD14-0003-10d2a-0.25IP-Q1.0_003.10sec.fsa,15,1,yes,RD14-0003-10,17.86,passed all filters,17
E05_RD14-0003-42d2a-0.5IP-Q1.1_001.10sec.fsa,15,1,yes,RD14-0003-42,17.46,passed all filters,16.5
D01_RD14-0003-43d3a-0.125IP-Q0.9_004.10sec.fsa,15,1,yes,RD14-0003-43,19.31,passed all filters,18.5
F05_RD14-0003-42d3a-0.25IP-Q0.9_002.10sec.fsa,15,1,yes,RD14-0003-42,17.46,passed all filters,16.5
B01_RD14-0003-21d2a-0.5IP-Q0.8_002.10sec.fsa,15,2,yes,RD14-0003-21,21.92,passed all filters,21
B01_RD14-0003-23d2a-0.5IP-Q1.0_002.10sec.fsa,15,2,yes,RD14-0003-23,21.62,passed all filters,21
C01_RD14-0003-27d2a-0.25IP-Q0.8_003.10sec.fsa,15,1,yes,RD14-0003-27,17.68,passed all filters,17
C01_RD14-0003-44_45-1-1-M3a-0.126IP-Q0.5_003.10sec.fsa,15,2,yes,RD14-0003-44,3.23,passed all filters,2.5
C01_RD14-0003-44_45-1-1-M3a-0.126IP-Q0.5_003.10sec.fsa,15,2,yes,RD14-0003-45,6.96,passed all filters,2.5
C01_RD14-0003-33d2a-0.25IP-Q0.5_003.10sec.fsa,15,2,yes,RD14-0003-33,19.12,passed all filters,18.5
A02_RD14-0003-49d4a-0.15IP-Q0.5_001.10sec.fsa,15,1,yes,RD14-0003-49,19.03,passed all filters,18.5
B01_RD14-0003-15d2a-0.5IP-Q0.9_002.10sec.fsa,15,2,yes,RD14-0003-15,19.41,passed all filters,18.5
C01_RD14-0003-29d2a-0.25IP-Q0.9_003.10sec.fsa,15,1,yes,RD14-0003-29,19.93,passed all filters,19
E03_RD14-0003-48_49-1-4-M3a-0.155IP-Q0.6_001.10sec.fsa,15,2,yes,RD14-0003-48,2.4,passed all filters,1.5
E03_RD14-0003-48_49-1-4-M3a-0.155IP-Q0.6_001.10sec.fsa,15,2,yes,RD14-0003-49,17.82,passed all filters,1.5
G05_RD14-0003-44d3a-0.25IP-Q0.9_003.10sec.fsa,15,1,yes,RD14-0003-44,18.36,passed all filters,17.5
B01_RD14-0003-03d2a-0.5IP-Q0.7_002.10sec.fsa,15,2,yes,RD14-0003-3,19.95,passed all filters,19
C01_RD14-0003-13d2a-0.25IP-Q0.9_003.10sec.fsa,15,1,yes,RD14-0003-13,20.1,passed all filters,19.5
D01_RD14-0003-39d3a-0.125IP-Q0.8_004.10sec.fsa,15,1,yes,RD14-0003-39,18.71,passed all filters,18
B08_RD14-0003-37_38_39_40-1-9-9-1-M2a-0.3IP-Q0.4_002.10sec.fsa,15,2,yes,RD14-0003-38,9.59,passed all filters,9
B08_RD14-0003-37_38_39_40-1-9-9-1-M2a-0.3IP-Q0.4_002.10sec.fsa,15,2,yes,RD14-0003-39,12.13,passed all filters,9
B01_RD14-0003-45d2a-0.5IP-Q0.9_002.10sec.fsa,15,2,yes,RD14-0003-45,17.12,passed all filters,16.5
G05_RD14-0003-40d3a-0.25IP-Q1.1_003.10sec.fsa,15,1,yes,RD14-0003-40,21.41,passed all filters,20.5
B01_RD14-0003-11d2a-0.5IP-Q0.7_002.10sec.fsa,15,2,yes,RD14-0003-11,19.07,passed all filters,1
B01_RD14-0003-11d2a-0.5IP-Q0.7_002.10sec.fsa,15,2,yes,RD14-0003-14,1.85,passed all filters,1
A02_RD14-0003-05d3a-0.3IP-Q0.7_001.10sec.fsa,15,1,yes,RD14-0003-5,18.49,passed all filters,17.5
D01_RD14-0003-36_37_38-1-2-1-M3a-0.124IP-Q0.7_004.10sec.fsa,15,2,yes,RD14-0003-37,9.44,passed all filters,1.5
D01_RD14-0003-36_37_38-1-2-1-M3a-0.124IP-Q0.7_004.10sec.fsa,15,2,yes,RD14-0003-38,2.23,passed all filters,1.5
G05_RD14-0003-50d2a-0.25IP-Q0.8_003.10sec.fsa,15,1,yes,RD14-0003-50,22.7,passed all filters,22
H06_RD14-0003-16d2a-0.125IP-Q0.9_004.10sec.fsa,15,1,yes,RD14-0003-16,19.03,passed all filters,18.5
G05_RD14-0003-14d2a-0.25IP-Q0.9_003.10sec.fsa,15,1,yes,RD14-0003-14,19.76,passed all filters,19
A06_RD14-0003-31d3a-0.125IP-Q1.2_001.10sec.fsa,15,1,yes,RD14-0003-31,18.76,passed all filters,18
A05_RD14-0003-38d2a-0.5IP-Q1.0_001.10sec.fsa,15,1,yes,RD14-0003-38,17.32,passed all filters,16.5
A06_RD14-0003-38d3a-0.73IP-Q0.9_001.10sec.fsa,15,1,yes,RD14-0003-38,17.32,passed all filters,16.5
A02_RD14-0003-23d3a-0.2IP-Q1.2_001.10sec.fsa,15,1,yes,RD14-0003-23,21.62,passed all filters,21
C01_RD14-0003-41_42_43-1-9-1-M2a-0.5IP-Q0.6_003.10sec.fsa,15,2,yes,RD14-0003-42,17.46,passed all filters,16.5
C01_RD14-0003-17d2a-0.25IP-Q0.8_003.10sec.fsa,15,1,yes,RD14-0003-17,18.23,passed all filters,17.5
F06_RD14-0003-31d3a-0.5IP-Q1.2_002.10sec.fsa,15,1,yes,RD14-0003-31,20.36,passed all filters,19.5
H05_RD14-0003-46d3a-0.125IP-Q0.9_004.10sec.fsa,15,1,yes,RD14-0003-46,20.39,passed all filters,19.5
B01_RD14-0003-31_32-1-1-M1a-0.25IP-Q1.2_002.10sec.fsa,15,2,yes,RD14-0003-31,13.47,passed all filters,8.5
B01_RD14-0003-31_32-1-1-M1a-0.25IP-Q1.2_002.10sec.fsa,15,2,yes,RD14-0003-32,9.4,passed all filters,8.5
C10_RD14-0003-48_49_50_29-1-4-4-4-M2a-0.195IP-Q0.4_003.10sec.fsa,15,2,yes,RD14-0003-49,6.72,passed all filters,4.5
C10_RD14-0003-48_49_50_29-1-4-4-4-M2a-0.195IP-Q0.4_003.10sec.fsa,15,2,yes,RD14-0003-50,5.3,passed all filters,4.5
E06_RD14-0003-30d3a-0.62IP-Q1.2_001.10sec.fsa,15,2,yes,RD14-0003-30,18.24,passed all filters,17.5
C01_RD14-0003-09d2a-0.25IP-Q0.9_003.10sec.fsa,15,1,yes,RD14-0003-9,19.4,passed all filters,18.5
H05_RD14-0003-44d3a-0.125IP-Q0.9_004.10sec.fsa,15,1,yes,RD14-0003-44,14.63,passed all filters,14
F03_RD14-0003-32_33_34_35-1-1-9-1-M2a-0.18IP-Q0.5_002.10sec.fsa,15,2,yes,RD14-0003-34,19.72,passed all filters,4.5
F03_RD14-0003-32_33_34_35-1-1-9-1-M2a-0.18IP-Q0.5_002.10sec.fsa,15,2,yes,RD14-0003-35,5.1,passed all filters,4.5
F07_RD14-0003-04d3a-0.4IP-Q1.0_002.10sec.fsa,15,1,yes,RD14-0003-4,18.59,passed all filters,18
B01_RD14-0003-33_34-1-2-M2a-0.375IP-Q0.7_002.10sec.fsa,15,2,yes,RD14-0003-33,15.4,passed all filters,14.5
B01_RD14-0003-33_34-1-2-M2a-0.375IP-Q0.7_002.10sec.fsa,15,2,yes,RD14-0003-34,17.84,passed all filters,14.5
F05_RD14-0003-14d2a-0.5IP-Q0.9_002.10sec.fsa,15,2,yes,RD14-0003-14,19.77,passed all filters,19
D05_RD14-0003-36d2a-0.5IP-Q1.0_004.10sec.fsa,15,2,yes,RD14-0003-36,20.5,passed all filters,20
H05_RD14-0003-34d2a-0.125IP-Q0.7_004.10sec.fsa,15,1,yes,RD14-0003-34,19.9,passed all filters,19
C01_RD14-0003-35d2a-0.25IP-Q0.9_003.10sec.fsa,15,1,yes,RD14-0003-35,21.78,passed all filters,21
H05_RD14-0003-22d3a-0.125IP-Q0.9_004.10sec.fsa,15,1,yes,RD14-0003-22,19.75,passed all filters,19
G06_RD14-0003-04d2a-0.25IP-Q1.1_003.10sec.fsa,15,1,yes,RD14-0003-4,18.58,passed all filters,18
G05_RD14-0003-24d2a-0.25IP-Q0.8_003.10sec.fsa,15,1,yes,RD14-0003-24,19.49,passed all filters,18.5
A02_RD14-0003-45d3a-0.5IP-Q0.8_001.10sec.fsa,15,2,yes,RD14-0003-45,17.12,passed all filters,16.5
G02_RD14-0003-44_45_46_47-1-1-4-1-M2a-0.441IP-Q0.7_003.10sec.fsa,15,3,yes,RD14-0003-45,5.65,passed all filters,2
G02_RD14-0003-44_45_46_47-1-1-4-1-M2a-0.441IP-Q0.7_003.10sec.fsa,15,3,yes,RD14-0003-46,17.07,passed all filters,2
G02_RD14-0003-44_45_46_47-1-1-4-1-M2a-0.441IP-Q0.7_003.10sec.fsa,15,3,yes,RD14-0003-47,2.87,passed all filters,2
A06_RD14-0003-35_50-1-9-M3a-0.15IP-Q0.8_001.10sec.fsa,15,1,yes,RD14-0003-50,16.05,passed all filters,15.5
C01_RD14-0003-25d2a-0.25IP-Q1.0_003.10sec.fsa,15,1,yes,RD14-0003-25,21.14,passed all filters,20.5
G05_RD14-0003-26d2a-0.25IP-Q0.8_003.10sec.fsa,15,1,yes,RD14-0003-26,21.25,passed all filters,20.5
G05_RD14-0003-30d2a-0.25IP-Q1.0_003.10sec.fsa,15,1,yes,RD14-0003-30,18.23,passed all filters,17.5
H05_RD14-0003-20d3a-0.125IP-Q1.2_004.10sec.fsa,15,1,yes,RD14-0003-20,20.7,passed all filters,20
D01_RD14-0003-09d2a-0.125IP-Q0.9_004.10sec.fsa,15,1,yes,RD14-0003-9,19.4,passed all filters,18.5
F06_RD14-0003-16d2a-0.5IP-Q0.9_002.10sec.fsa,15,2,yes,RD14-0003-16,19.04,passed all filters,18.5
A08_RD14-0003-36_37_38_39_40-1-9-9-9-1-M2a-0.5IP-Q0.7_001.10sec.fsa,15,3,yes,RD14-0003-37,5.08,passed all filters,4.5
A08_RD14-0003-36_37_38_39_40-1-9-9-9-1-M2a-0.5IP-Q0.7_001.10sec.fsa,15,3,yes,RD14-0003-38,6.94,passed all filters,4.5
A08_RD14-0003-36_37_38_39_40-1-9-9-9-1-M2a-0.5IP-Q0.7_001.10sec.fsa,15,3,yes,RD14-0003-39,8.48,passed all filters,4.5
G05_RD14-0003-46d2a-0.25IP-Q0.8_003.10sec.fsa,15,1,yes,RD14-0003-46,20.43,passed all filters,19.5
A02_RD14-0003-25d3a-0.4IP-Q1.2_001.10sec.fsa,15,1,yes,RD14-0003-25,21.14,passed all filters,20.5
A02_RD14-0003-35d3a-0.4IP-Q1.1_001.10sec.fsa,15,1,yes,RD14-0003-35,21.78,passed all filters,21
H07_RD14-0003-36_37_38_39_40-1-9-9-9-1-M2a-0.6IP-Q0.7_004.10sec.fsa,15,2,yes,RD14-0003-39,8.44,passed all filters,7.5
H05_RD14-0003-18d2a-0.125IP-Q0.9_004.10sec.fsa,15,1,yes,RD14-0003-18,15.32,passed all filters,14.5
D01_RD14-0003-07d2a-0.125IP-Q0.9_004.10sec.fsa,15,1,yes,RD14-0003-7,20.01,passed all filters,19.5
B01_RD14-0003-37d2a-0.5IP-Q1.0_002.10sec.fsa,15,1,yes,RD14-0003-37,16.16,passed all filters,15.5
C01_RD14-0003-32d2a-0.25IP-Q1.2_003.10sec.fsa,15,1,yes,RD14-0003-32,17.76,passed all filters,17
F05_RD14-0003-40d2a-0.5IP-Q1.0_002.10sec.fsa,15,2,yes,RD14-0003-40,21.44,passed all filters,20.5
C01_RD14-0003-07d2a-0.25IP-Q0.9_003.10sec.fsa,15,1,yes,RD14-0003-7,20.03,passed all filters,19.5
B06_RD14-0003-30_31_32_33_34-1-1-1-1-1-M2a-0.625IP-Q0.7_002.10sec.fsa,15,4,yes,RD14-0003-31,4.25,passed all filters,2
B06_RD14-0003-30_31_32_33_34-1-1-1-1-1-M2a-0.625IP-Q0.7_002.10sec.fsa,15,4,yes,RD14-0003-32,2.75,passed all filters,2
B06_RD14-0003-30_31_32_33_34-1-1-1-1-1-M2a-0.625IP-Q0.7_002.10sec.fsa,15,4,yes,RD14-0003-34,6.46,passed all filters,2
F07_RD14-0003-06d3a-0.2IP-Q0.7_002.10sec.fsa,15,1,yes,RD14-0003-6,15.77,passed all filters,15
D01_RD14-0003-03d2a-0.125IP-Q0.7_004.10sec.fsa,15,1,yes,RD14-0003-3,19.95,passed all filters,19
F04_RD14-0003-42_43-1-9-M3a-0.15IP-Q0.5_002.10sec.fsa,15,1,yes,RD14-0003-43,19.85,passed all filters,19
C01_RD14-0003-43_44_45_46_47-1-1-2-1-1-M2a-0.378IP-Q0.8_003.10sec.fsa,15,3,yes,RD14-0003-43,2.98,passed all filters,2
C01_RD14-0003-43_44_45_46_47-1-1-2-1-1-M2a-0.378IP-Q0.8_003.10sec.fsa,15,3,yes,RD14-0003-45,8,passed all filters,2
C01_RD14-0003-43_44_45_46_47-1-1-2-1-1-M2a-0.378IP-Q0.8_003.10sec.fsa,15,3,yes,RD14-0003-46,4.24,passed all filters,2
B01_RD14-0003-43_44_45_46_47-1-1-2-1-1-M2a-0.75IP-Q0.8_002.10sec.fsa,15,4,yes,RD14-0003-43,6.36,passed all filters,3.5
B01_RD14-0003-43_44_45_46_47-1-1-2-1-1-M2a-0.75IP-Q0.8_002.10sec.fsa,15,4,yes,RD14-0003-44,4.11,passed all filters,3.5
B01_RD14-0003-43_44_45_46_47-1-1-2-1-1-M2a-0.75IP-Q0.8_002.10sec.fsa,15,4,yes,RD14-0003-45,8.86,passed all filters,3.5
B01_RD14-0003-43_44_45_46_47-1-1-2-1-1-M2a-0.75IP-Q0.8_002.10sec.fsa,15,4,yes,RD14-0003-46,4.14,passed all filters,3.5
C01_RD14-0003-43d2a-0.25IP-Q0.9_003.10sec.fsa,15,1,yes,RD14-0003-43,19.87,passed all filters,19
F05_RD14-0003-34d2a-0.5IP-Q0.7_002.10sec.fsa,15,2,yes,RD14-0003-34,20.03,passed all filters,19.5
C01_RD14-0003-37d2a-0.25IP-Q1.0_003.10sec.fsa,15,1,yes,RD14-0003-37,16.13,passed all filters,15.5
C01_RD14-0003-05d2a-0.25IP-Q0.9_003.10sec.fsa,15,1,yes,RD14-0003-5,18.49,passed all filters,17.5
F06_RD14-0003-06d2a-0.5IP-Q0.8_002.10sec.fsa,15,2,yes,RD14-0003-6,15.77,passed all filters,15
E06_RD14-0003-08d3a-0.4IP-Q1.2_001.10sec.fsa,15,1,yes,RD14-0003-8,16.52,passed all filters,16
C04_RD14-0003-36_37_38_39-1-2-2-1-M2a-0.75IP-Q0.7_003.10sec.fsa,15,3,yes,RD14-0003-36,8.49,passed all filters,5.5
C04_RD14-0003-36_37_38_39-1-2-2-1-M2a-0.75IP-Q0.7_003.10sec.fsa,15,3,yes,RD14-0003-37,8.82,passed all filters,5.5
C04_RD14-0003-36_37_38_39-1-2-2-1-M2a-0.75IP-Q0.7_003.10sec.fsa,15,3,yes,RD14-0003-38,6.2,passed all filters,5.5
E06_RD14-0003-28d3a-0.1IP-Q1.2_001.10sec.fsa,15,1,yes,RD14-0003-28,18.9,passed all filters,18
D01_RD14-0003-49d3a-0.125IP-Q0.7_004.10sec.fsa,15,1,yes,RD14-0003-49,18.22,passed all filters,17.5
B01_RD14-0003-13d2a-0.5IP-Q0.9_002.10sec.fsa,15,1,yes,RD14-0003-13,20.1,passed all filters,19.5
E06_RD14-0003-50d4a-0.16IP-Q0.7_001.10sec.fsa,15,1,yes,RD14-0003-50,22.7,passed all filters,22
H05_RD14-0003-31_32_33_34_35-1-1-2-9-1-M2a-0.434IP-Q0.9_004.10sec.fsa,15,3,yes,RD14-0003-33,5.24,passed all filters,4.5
H05_RD14-0003-31_32_33_34_35-1-1-2-9-1-M2a-0.434IP-Q0.9_004.10sec.fsa,15,3,yes,RD14-0003-34,19.68,passed all filters,4.5
D05_RD14-0003-47_48_49-1-9-9-M2a-0.75IP-Q0.7_004.10sec.fsa,15,3,yes,RD14-0003-48,11.36,passed all filters,10.5
D05_RD14-0003-47_48_49-1-9-9-M2a-0.75IP-Q0.7_004.10sec.fsa,15,3,yes,RD14-0003-49,11.08,passed all filters,10.5
D01_RD14-0003-45d3a-0.125IP-Q0.8_004.10sec.fsa,15,1,yes,RD14-0003-45,16.98,passed all filters,16
F05_RD14-0003-30d2a-0.5IP-Q1.0_002.10sec.fsa,15,2,yes,RD14-0003-30,18.24,passed all filters,17.5
F05_RD14-0003-10d2a-0.5IP-Q1.0_002.10sec.fsa,15,1,yes,RD14-0003-10,17.86,passed all filters,17
C01_RD14-0003-49d3a-0.25IP-Q0.7_003.10sec.fsa,15,1,yes,RD14-0003-49,19.03,passed all filters,18.5
D01_RD14-0003-29d3a-0.125IP-Q1.0_004.10sec.fsa,15,1,yes,RD14-0003-29,18.84,passed all filters,18
G06_RD14-0003-06d2a-0.25IP-Q0.8_003.10sec.fsa,15,1,yes,RD14-0003-6,15.77,passed all filters,15
D01_RD14-0003-19d3a-0.125IP-Q0.7_004.10sec.fsa,15,1,yes,RD14-0003-19,20.14,passed all filters,19.5
D01_RD14-0003-15d3a-0.125IP-Q0.8_004.10sec.fsa,15,1,yes,RD14-0003-15,19.4,passed all filters,18.5
F05_RD14-0003-20d2a-0.5IP-Q1.1_002.10sec.fsa,15,1,yes,RD14-0003-20,22.26,passed all filters,21.5
A10_RD14-0003-48_49_50_29-1-4-4-4-M2a-0.5IP-Q0.4_001.10sec.fsa,15,3,yes,RD14-0003-29,8.38,passed all filters,6.5
A10_RD14-0003-48_49_50_29-1-4-4-4-M2a-0.5IP-Q0.4_001.10sec.fsa,15,3,yes,RD14-0003-49,7.38,passed all filters,6.5
A10_RD14-0003-48_49_50_29-1-4-4-4-M2a-0.5IP-Q0.4_001.10sec.fsa,15,3,yes,RD14-0003-50,10.18,passed all filters,6.5
G05_RD14-0003-12d2a-0.25IP-Q0.8_003.10sec.fsa,15,1,yes,RD14-0003-12,20.43,passed all filters,19.5
D01_RD14-0003-35d3a-0.125IP-Q1.1_004.10sec.fsa,15,1,yes,RD14-0003-35,21.41,passed all filters,20.5
H09_RD14-0003-48_49_50_29-1-4-4-4-M2a-0.75IP-Q0.4_004.10sec.fsa,15,3,yes,RD14-0003-29,7.1,passed all filters,5.5
H09_RD14-0003-48_49_50_29-1-4-4-4-M2a-0.75IP-Q0.4_004.10sec.fsa,15,3,yes,RD14-0003-49,6,passed all filters,5.5
H09_RD14-0003-48_49_50_29-1-4-4-4-M2a-0.75IP-Q0.4_004.10sec.fsa,15,3,yes,RD14-0003-50,10.93,passed all filters,5.5
C03_RD14-0003-48_49-1-4-M2a-0.625IP-Q0.7_003.10sec.fsa,15,2,yes,RD14-0003-48,12.37,passed all filters,11.5
C03_RD14-0003-48_49-1-4-M2a-0.625IP-Q0.7_003.10sec.fsa,15,2,yes,RD14-0003-49,19.03,passed all filters,11.5
G07_RD14-0003-37_38_39_40-1-9-9-1-M2a-0.75IP-Q0.4_003.10sec.fsa,15,3,yes,RD14-0003-37,2.97,passed all filters,2
G07_RD14-0003-37_38_39_40-1-9-9-1-M2a-0.75IP-Q0.4_003.10sec.fsa,15,3,yes,RD14-0003-38,11.41,passed all filters,2
G07_RD14-0003-37_38_39_40-1-9-9-1-M2a-0.75IP-Q0.4_003.10sec.fsa,15,3,yes,RD14-0003-39,13.08,passed all filters,2
A02_RD14-0003-19d3a-0.1IP-Q0.7_001.10sec.fsa,15,1,yes,RD14-0003-19,20.14,passed all filters,19.5
H07_RD14-0003-37_38_39_40-1-9-9-1-M2a-0.62IP-Q0.4_004.10sec.fsa,15,3,yes,RD14-0003-37,2.08,passed all filters,1.5
H07_RD14-0003-37_38_39_40-1-9-9-1-M2a-0.62IP-Q0.4_004.10sec.fsa,15,3,yes,RD14-0003-38,11.07,passed all filters,1.5
H07_RD14-0003-37_38_39_40-1-9-9-1-M2a-0.62IP-Q0.4_004.10sec.fsa,15,3,yes,RD14-0003-39,12.94,passed all filters,1.5
A02_RD14-0003-07d3a-0.2IP-Q0.9_001.10sec.fsa,15,1,yes,RD14-0003-7,20.03,passed all filters,19.5
D01_RD14-0003-43_44_45_46_47-1-1-2-1-1-M3a-0.186IP-Q0.6_004.10sec.fsa,15,3,yes,RD14-0003-43,5.91,passed all filters,5
D01_RD14-0003-27d3a-0.125IP-Q0.9_004.10sec.fsa,15,1,yes,RD14-0003-27,17.67,passed all filters,17
B01_RD14-0003-01d2a-0.5IP-Q0.7_002.10sec.fsa,15,2,yes,RD14-0003-1,17.99,passed all filters,17
G07_RD14-0003-49_50_29-1-4-1-M3a-0.75IP-Q0.5_003.10sec.fsa,15,3,yes,RD14-0003-29,2.66,passed all filters,2
G07_RD14-0003-49_50_29-1-4-1-M3a-0.75IP-Q0.5_003.10sec.fsa,15,3,yes,RD14-0003-49,9.93,passed all filters,2
G07_RD14-0003-49_50_29-1-4-1-M3a-0.75IP-Q0.5_003.10sec.fsa,15,3,yes,RD14-0003-50,21.5,passed all filters,2
E06_RD14-0003-20d3a-0.2IP-Q1.2_001.10sec.fsa,15,1,yes,RD14-0003-20,22.26,passed all filters,21.5
B01_RD14-0003-41d2a-0.5IP-Q1.0_002.10sec.fsa,15,2,yes,RD14-0003-41,19.47,passed all filters,18.5
F05_RD14-0003-18d2a-0.5IP-Q0.9_002.10sec.fsa,15,2,yes,RD14-0003-18,18.07,passed all filters,17.5
C01_RD14-0003-47d2a-0.25IP-Q0.6_003.10sec.fsa,15,1,yes,RD14-0003-47,18.2,passed all filters,17.5
E06_RD14-0003-14d3a-0.27IP-Q0.8_001.10sec.fsa,15,1,yes,RD14-0003-14,19.77,passed all filters,19
C01_RD14-0003-40_41_42_43-1-1-1-1-M3a-0.252IP-Q0.9_003.10sec.fsa,15,3,yes,RD14-0003-32,4.21,passed all filters,2
C01_RD14-0003-40_41_42_43-1-1-1-1-M3a-0.252IP-Q0.9_003.10sec.fsa,15,3,yes,RD14-0003-42,7.07,passed all filters,2
C01_RD14-0003-40_41_42_43-1-1-1-1-M3a-0.252IP-Q0.9_003.10sec.fsa,15,3,yes,RD14-0003-43,2.81,passed all filters,2
B01_RD14-0003-27d2a-0.5IP-Q0.8_002.10sec.fsa,15,2,yes,RD14-0003-27,17.68,passed all filters,17
B01_RD14-0003-32d2a-0.5IP-Q1.2_002.10sec.fsa,15,1,yes,RD14-0003-32,17.76,passed all filters,17
E06_RD14-0003-24d3a-0.3IP-Q0.8_001.10sec.fsa,15,1,yes,RD14-0003-24,19.49,passed all filters,18.5
D06_RD14-0003-30_31_32_33_34-1-1-1-1-1-M2a-0.155IP-Q0.7_004.10sec.fsa,15,3,yes,RD14-0003-34,7.29,passed all filters,6.5
F05_RD14-0003-31_32_33_34_35-1-1-2-9-1-M2a-0.75IP-Q0.9_002.10sec.fsa,15,3,yes,RD14-0003-33,5.21,passed all filters,4.5
F05_RD14-0003-31_32_33_34_35-1-1-2-9-1-M2a-0.75IP-Q0.9_002.10sec.fsa,15,3,yes,RD14-0003-34,19.85,passed all filters,4.5
D01_RD14-0003-25d3a-0.125IP-Q1.2_004.10sec.fsa,15,1,yes,RD14-0003-25,20.65,passed all filters,20
C01_RD14-0003-41d3a-0.25IP-Q1.0_003.10sec.fsa,15,1,yes,RD14-0003-41,19.28,passed all filters,18.5
G06_RD14-0003-16d2a-0.25IP-Q0.9_003.10sec.fsa,15,1,yes,RD14-0003-16,19.04,passed all filters,18.5
F05_RD14-0003-36d3a-0.125IP-Q1.2_002.10sec.fsa,15,1,yes,RD14-0003-36,20.5,passed all filters,20
E06_RD14-0003-22d3a-0.3IP-Q0.9_001.10sec.fsa,15,1,yes,RD14-0003-22,20.8,passed all filters,20
C01_RD14-0003-33_34-1-2-M3a-0.189IP-Q0.8_003.10sec.fsa,15,2,yes,RD14-0003-33,11.67,passed all filters,11
C01_RD14-0003-33_34-1-2-M3a-0.189IP-Q0.8_003.10sec.fsa,15,2,yes,RD14-0003-34,17.45,passed all filters,11
E06_RD14-0003-40d3a-0.64IP-Q1.1_001.10sec.fsa,15,2,yes,RD14-0003-40,21.44,passed all filters,20.5
B01_RD14-0003-35d2a-0.5IP-Q0.9_002.10sec.fsa,15,1,yes,RD14-0003-35,21.78,passed all filters,21
B01_RD14-0003-41_42_43-1-9-1-M2a-0.693IP-Q0.6_002.10sec.fsa,15,3,yes,RD14-0003-42,17.46,passed all filters,5
B01_RD14-0003-41_42_43-1-9-1-M2a-0.693IP-Q0.6_002.10sec.fsa,15,3,yes,RD14-0003-43,5.62,passed all filters,5
D10_RD14-0003-12d3a-0.17IP-Q0.8_004.10sec.fsa,15,1,yes,RD14-0003-12,20.43,passed all filters,19.5
D01_RD14-0003-37d3a-0.125IP-Q0.8_004.10sec.fsa,15,1,yes,RD14-0003-37,15.43,passed all filters,14.5
F09_RD14-0003-30_31_32-1-4-4-M2a-0.279IP-Q0.6_002.10sec.fsa,15,2,yes,RD14-0003-31,12.36,passed all filters,9
F09_RD14-0003-30_31_32-1-4-4-M2a-0.279IP-Q0.6_002.10sec.fsa,15,2,yes,RD14-0003-32,9.6,passed all filters,9
B01_RD14-0003-49d2a-0.5IP-Q0.8_002.10sec.fsa,15,1,yes,RD14-0003-49,19.03,passed all filters,18.5
